32967,מערכות יצור ממוחשבות-מעבדה,240264.01.5780.41, טליס ודים,ב,14:30,17:00,ויילר,228,פרוייקט-במ"מ,12/12,
32967,מערכות יצור ממוחשבות-מעבדה,240264.01.5780.42, טליס ודים,ב,17:00,19:30,ויילר,228,פרוייקט-במ"מ,12/12,
32967,מערכות יצור ממוחשבות-מעבדה,240264.01.5780.43, טליס ודים,ד,14:30,17:00,ויילר,228,פרוייקט-במ"מ,12/12,
32970,ניהול רשתות,156351.01.5780.01, לייבנזון איציק,ב,18:45,20:30,לעו,302,שעור,5/--,
32970,ניהול רשתות,156351.01.5780.11, לייבנזון איציק,ב,20:30,21:15,לעו,302,תרגיל,5/30,
32975,המרת אנרגיה,130541.01.5780.01, גולדברג בני,ג,15:15,17:00,לעו,560,שעור,34/--,בחירה לאלק חובה להספק
32975,המרת אנרגיה,130541.01.5780.11, גולדברג בני,ג,17:00,17:45,לעו,560,תרגיל,25/25,בחירה לאלק חובה להספק
32975,המרת אנרגיה,130541.01.5780.12, גולדברג בני,ג,18:00,18:45,לעו,560,תרגיל,9/25,בחירה לאלק חובה להספק
32976,אותות ומערכות,130601.01.5780.01, דוד מרסלו מרטין,ה,14:30,17:00,לעו,540,שעור,48/80,
32976,אותות ומערכות,130601.01.5780.11, דוד מרסלו מרטין,ד,18:45,19:30,לעו,470,תרגיל,25/25,
32976,אותות ומערכות,130601.01.5780.12, דוד מרסלו מרטין,ב,18:45,19:30,לעו,470,תרגיל,22/25,
32976,אותות ומערכות,130601.01.5780.21, סוקול יהושע,ב,17:00,18:45,ויילר,405,מעבדה,10/20,
32976,אותות ומערכות,130601.01.5780.22, זילביגר אבי,ג,18:00,19:30,ויילר,407,מעבדה,19/20,
32976,אותות ומערכות,130601.01.5780.23, זילביגר אבי,ב,17:00,18:45,ויילר,403,מעבדה,18/20,
34191,אשנב למתמטיקה,120001.10.5780.01, סקאר צבי,ג,15:30,18:00,בראוז,309,שעור,27/50,
32979,מתמטיקה למנע"ס,120104.01.5780.01, עמר מרדכי,ג,17:00,19:30,בירן,103,שעור,49/--,
32979,מתמטיקה למנע"ס,120104.01.5780.11, קמיל ישראל,ג,19:45,20:30,בירן,303,תרגיל,25/30,
32979,מתמטיקה למנע"ס,120104.01.5780.12, עמר מרדכי,ג,19:45,20:30,בירן,103,תרגיל,24/30,
33258,חשבון אינפני' להנדסה 1,120131.02.5780.01, אלטשולר נתנאל,ב,13:00,14:30,ישראל,303,שעור,1/0,קורס שניפתח לתלמידי
33258,חשבון אינפני' להנדסה 1,120131.02.5780.01, אלטשולר נתנאל,ו,08:45,10:15,ישראל,303,שעור,1/0,קורס שניפתח לתלמידי
33258,חשבון אינפני' להנדסה 1,120131.02.5780.11, אלטשולר נתנאל,ו,10:30,12:15,ישראל,303,תרגיל,1/0,קורס שניפתח לתלמדים
33297,חשבון אינפני' להנדסה 1,120131.10.5780.01, נוביק מרדכי,ד,14:30,16:00,בראוז,305,שעור,24/--,
33297,חשבון אינפני' להנדסה 1,120131.10.5780.01, נוביק מרדכי,ד,16:15,17:45,בראוז,305,שעור,24/--,
33297,חשבון אינפני' להנדסה 1,120131.10.5780.11, בראדסקי אריה מאיר,א,17:00,18:45,בראוז,206,תרגיל,24/25,
33298,אלגברה לינארית א,120201.10.5780.01, נוביק מרדכי,ב,14:30,16:00,בראוז,305,שעור,23/--,
33298,אלגברה לינארית א,120201.10.5780.11, נוביק מרדכי,ב,16:15,17:45,בראוז,305,תרגיל,23/25,
32982,אלגברה לינארית ב,120221.01.5780.01, קוך יהושוע אוליביה,ג,17:00,18:45,ויילר,160,שעור,103/85,
32982,אלגברה לינארית ב,120221.01.5780.02, קוך יהושוע אוליביה,ד,17:00,18:45,ישראל,204,שעור,58/85,
32982,אלגברה לינארית ב,120221.01.5780.03, ויסמן אפרים,א,14:30,16:00,ישראל,203,שעור,64/85,
32982,אלגברה לינארית ב,120221.01.5780.11, ויסמן אפרים,א,18:00,18:45,לעו,560,תרגיל,30/25,
32982,אלגברה לינארית ב,120221.01.5780.12, בגנו אלי,ב,18:45,19:30,ויילר,160,תרגיל,31/25,
32982,אלגברה לינארית ב,120221.01.5780.13, ויסמן אפרים,א,18:45,19:30,לעו,560,תרגיל,30/25,
32982,אלגברה לינארית ב,120221.01.5780.14, קוך יהושוע אוליביה,ג,18:45,19:30,ויילר,160,תרגיל,13/25,
32982,אלגברה לינארית ב,120221.01.5780.15, לנדר ולדימיר,ד,18:45,19:30,ישראל,204,תרגיל,20/25,
32982,אלגברה לינארית ב,120221.01.5780.16, פרטוש אלי,ד,18:45,19:30,סוחצ'בסקי,230,תרגיל,25/25,
32982,אלגברה לינארית ב,120221.01.5780.17, לנדר ולדימיר,ד,18:00,18:45,סוחצ'בסקי,230,תרגיל,24/25,
32982,אלגברה לינארית ב,120221.01.5780.18, פרטוש אלי,ד,14:30,15:15,בירן,304,תרגיל,22/25,
32982,אלגברה לינארית ב,120221.01.5780.19, בגנו אלי,ה,18:45,19:30,סוחצ'בסקי,230,תרגיל,31/25,
34261,אלגברה לינארית ב,120221.71.5780.01, הדד שלמה,ד,15:15,16:45,סוחצ'בסקי,230,שעור,46/--,
34261,אלגברה לינארית ב,120221.71.5780.11, הדד שלמה,ד,14:30,15:15,סוחצ'בסקי,230,תרגיל,21/25,
34261,אלגברה לינארית ב,120221.71.5780.12, הדד שלמה,ב,14:30,15:15,סוחצ'בסקי,230,תרגיל,25/25,
34262,מתמטיקה בדידה ,120302.71.5780.01, קוך יהושוע אוליביה,ה,14:30,16:00,סוחצ'בסקי,ס210,שעור,41/--,
34262,מתמטיקה בדידה ,120302.71.5780.11, קוך יהושוע אוליביה,א,17:00,17:45,סוחצ'בסקי,230,תרגיל,16/25,
34262,מתמטיקה בדידה ,120302.71.5780.12, קוך יהושוע אוליביה,א,18:00,18:45,סוחצ'בסקי,230,תרגיל,25/25,
32985,מבוא לשיטות נומריות,120405.01.5780.01, נווה אופיר,ג,14:30,16:00,ויילר,150,שעור,34/--,
32985,מבוא לשיטות נומריות,120405.01.5780.11, נווה אופיר,ד,17:00,18:45,ויילר,150,תרגיל,20/20,
32985,מבוא לשיטות נומריות,120405.01.5780.12, נווה אופיר,ד,18:45,20:30,ויילר,150,תרגיל,14/20,
34203,הסתברות לתלמידי מנע"ס,120706.10.5780.01, סקאר צבי,ג,18:45,20:30,בראוז,310,שעור,16/85,
34203,הסתברות לתלמידי מנע"ס,120706.10.5780.11, סקאר צבי,ג,20:30,22:15,בראוז,310,תרגיל,16/25,
32862,סטטיסטיקה למהנדסים,120711.10.5780.01, אנגלברג אבא,ב,18:00,19:30,בראוז,309,שעור,18/--,
32862,סטטיסטיקה למהנדסים,120711.10.5780.11, אנגלברג אבא,ב,19:45,20:30,בראוז,309,תרגיל,9/25,
32862,סטטיסטיקה למהנדסים,120711.10.5780.12, אנגלברג אבא,ב,17:00,17:45,בראוז,310,תרגיל,9/25,
33261,סטטיסטיקה למהנדסים,120711.02.5780.01, פטרון עמיקם,ב,17:00,18:45,סוחצ'בסקי,301,שעור,54/--,
33261,סטטיסטיקה למהנדסים,120711.02.5780.11, פטרון עמיקם,ב,18:45,19:30,סוחצ'בסקי,301,תרגיל,29/25,
33261,סטטיסטיקה למהנדסים,120711.02.5780.12, פטרון עמיקם,א,18:00,18:45,ישראל,204,תרגיל,25/25,
32990,סטטיסטיקה למנע"ס,120712.01.5780.01, קליין אלכסנדר,ג,17:00,18:45,ישראל,301,שעור,38/--,
32990,סטטיסטיקה למנע"ס,120712.01.5780.11, נווה אופיר,ו,09:30,11:00,ישראל,202,תרגיל,11/30,
32990,סטטיסטיקה למנע"ס,120712.01.5780.12, נווה אופיר,ו,11:15,12:45,ישראל,301,תרגיל,27/30,
32992,מדידות אלקטרוניות,130111.01.5780.01, גולדברג בני,א,15:15,17:45,לעו,460,שעור,28/--,
32993,מוליכים למחצה,130201.01.5780.01, כהן מאיר,ה,17:00,19:30,לעו,540,שעור,54/--,
32993,מוליכים למחצה,130201.01.5780.11, כהן מאיר,ד,14:30,15:15,לעו,540,תרגיל,27/25,
32993,מוליכים למחצה,130201.01.5780.12, כהן מאיר,ד,15:15,16:00,לעו,540,תרגיל,27/25,
32994,אלקטרוניקה כללית,130211.01.5780.01, גולדברג בני,ד,16:15,18:45,לעו,540,שעור,53/--,
32994,אלקטרוניקה כללית,130211.01.5780.11, גולדברג בני,ד,18:45,19:30,לעו,540,תרגיל,21/25,
32994,אלקטרוניקה כללית,130211.01.5780.12, גולדברג בני,ג,14:30,15:15,לעו,560,תרגיל,32/25,
32995,מגברי שרת ומדידות אלקטרוניות,130232.01.5780.01, שטינמץ נתן,א,15:15,17:45,לעו,440,שעור,22/--,
32995,מגברי שרת ומדידות אלקטרוניות,130232.01.5780.11, שטינמץ נתן,א,14:30,15:15,לעו,440,תרגיל,22/--,
33001,מעבדה בתכנון ספרתי ממוחשב,130329.01.5780.21, שטרו אורי שלום ערן,ג,15:15,17:45,ויילר,403,מעבדה,16/16,שנה ב
33001,מעבדה בתכנון ספרתי ממוחשב,130329.01.5780.22, שטרו אורי שלום ערן,ג,18:00,20:30,ויילר,403,מעבדה,19/16,שנה ג
33003,מעבדה בעיבוד ספרתי של אותות ,130665.01.5780.01, מזרחי שמעון,ג,16:15,17:00,ויילר,405,שעור,2/14,
33003,מעבדה בעיבוד ספרתי של אותות ,130665.01.5780.21, מזרחי שמעון,ג,17:00,19:30,ויילר,405,מעבדה,2/14,
33006,ניתוח ועיבוד אותות,130685.01.5780.01, דוד מרסלו מרטין,ד,14:30,16:00,לעו,470,שעור,13/--,
33006,ניתוח ועיבוד אותות,130685.01.5780.11, דוד מרסלו מרטין,ד,16:15,17:00,לעו,470,תרגיל,13/--,
33008,שדות אלמ"ג ,130801.01.5780.01, פרישמן יבגני,ב,14:30,17:00,לעו,460,שעור,54/--,
33008,שדות אלמ"ג ,130801.01.5780.11, מנדלבאום יעקב,ד,14:30,15:15,לעו,560,תרגיל,28/25,
33008,שדות אלמ"ג ,130801.01.5780.12, מנדלבאום יעקב,ד,15:15,16:00,לעו,560,תרגיל,26/25,
33010,מעבדה בהתפשטות גלים ואנטנות,130833.01.5780.01, שטינמץ נתן לוי שמשון,ג,17:00,17:45,ויילר,416,שעור,15/14,בחירה להספק
33010,מעבדה בהתפשטות גלים ואנטנות,130833.01.5780.02, רשימת המתנה אין לשבץ,ה,16:15,17:00,ויילר,416,שעור,9/14,בחירה להספק
33010,מעבדה בהתפשטות גלים ואנטנות,130833.01.5780.21, שטינמץ נתן לוי שמשון,ג,18:00,20:30,ויילר,416,מעבדה,14/14,בחירה להספק
33010,מעבדה בהתפשטות גלים ואנטנות,130833.01.5780.22, רשימת המתנה אין לשבץ,ה,17:00,19:30,ויילר,416,מעבדה,10/14,בחירה להספק
33011,סמינר באלקטרוניקה,130891.01.5780.31, פרישמן יבגני,ב,18:00,19:30,לעו,440,סמינר,20/--,
33018,מיכשור אופטי,140121.01.5780.01, בן עזרא דוד,א,14:30,16:00,לעו,325,שעור,20/--,
33018,מיכשור אופטי,140121.01.5780.11, שינפלד דוד,ב,14:30,16:00,לעו,320,תרגיל,12/12,
33018,מיכשור אופטי,140121.01.5780.12, ברנר חיים,ג,18:00,19:30,לעו,320,תרגיל,8/12,
33019,עיבוד תמונות ממוחשב,140137.01.5780.01, מנדלבאום יעקב,א,18:00,18:45,לעו,320,שעור,14/--,
33019,עיבוד תמונות ממוחשב,140137.01.5780.11, מנדלבאום יעקב,א,18:45,20:30,לעו,320,תרגיל,14/18,
33020,מעבדה באופטיקה,140165.01.5780.21, עברי יואח,ג,14:30,17:45,לעו,110,מעבדה,8/8,
33020,מעבדה באופטיקה,140165.01.5780.22, בבצ'נקו אנטולי,ג,14:30,17:45,לעו,110,מעבדה,4/8,
33020,מעבדה באופטיקה,140165.01.5780.23, עברי יואח,א,16:15,19:30,ישראל,201,מעבדה,7/8,
33021,אופטיקה פיסיקלית,140211.01.5780.01, שכטר יובל,ב,16:15,18:45,לעו,315,שעור,22/--,
33021,אופטיקה פיסיקלית,140211.01.5780.11, שכטר יובל,ד,14:30,15:15,לעו,315,תרגיל,11/20,
33021,אופטיקה פיסיקלית,140211.01.5780.12, שכטר יובל,ד,15:15,16:00,לעו,315,תרגיל,11/20,
33024,הנדסת מערכות משולבות,140321.01.5780.01, ברנר חיים,א,18:00,19:30,לעו,450,שעור,14/--,
33024,הנדסת מערכות משולבות,140321.01.5780.11, ברנר חיים,א,19:45,20:30,לעו,450,תרגיל,14/--,
33025,גלאי אור אופטיים,140411.01.5780.01, נח סלמן,ה,14:30,17:00,לעו,470,שעור,11/--,
33025,גלאי אור אופטיים,140411.01.5780.11, נח סלמן,ה,17:00,17:45,לעו,470,תרגיל,11/--,
33026,אופטיקה של מצב מוצק,140426.01.5780.01, נח סלמן,ב,14:30,16:00,לעו,560,שעור,14/--,
33026,אופטיקה של מצב מוצק,140426.01.5780.11, נח סלמן,ב,16:15,17:00,לעו,560,תרגיל,14/--,
33027,תקשורת אלקטרוני ואופטי,140712.01.5780.01, אריאלי יואל,א,15:15,17:00,לעו,450,שעור,14/--,
33027,תקשורת אלקטרוני ואופטי,140712.01.5780.11, אריאלי יואל,א,17:00,17:45,לעו,450,תרגיל,14/30,
33028,סמינר באלקטרו-אופטיקה,140811.01.5780.31, קרסנטי אבי,ג,13:45,15:15,לעו,440,סמינר,10/--,
33029,סמינר באלקטרו אופטיקה ב,140821.01.5780.31, קרסנטי אבי,ג,13:45,15:15,לעו,440,סמינר,11/--,
33034,פיסיקה כללית א' (מכניקה),141011.01.5780.01, ברנר חיים,א,14:30,17:00,לעו,315,שעור,26/85,
33034,פיסיקה כללית א' (מכניקה),141011.01.5780.01, ברנר חיים,ג,14:30,16:00,לעו,315,שעור,26/85,
33034,פיסיקה כללית א' (מכניקה),141011.01.5780.11, ברנר חיים,ג,16:15,17:00,לעו,315,תרגיל,25/25,
33037,פיסיקה ב,141034.01.5780.01, סוקול יהושע,א,16:15,17:45,ויילר,160,שעור,62/85,
33037,פיסיקה ב,141034.01.5780.01, סוקול יהושע,ד,14:30,16:00,ויילר,160,שעור,62/85,
33037,פיסיקה ב,141034.01.5780.11, פיוטרקובסקי מנשה,א,18:00,18:45,לעו,470,תרגיל,31/25,
33037,פיסיקה ב,141034.01.5780.12, פיוטרקובסקי מנשה,א,18:45,19:30,לעו,470,תרגיל,31/25,
33038,שדות אלמ"ג,141035.01.5780.01, מנדלבאום יעקב,ד,17:00,19:30,לעו,440,שעור,24/--,
33038,שדות אלמ"ג,141035.01.5780.11, גולדין שלמה,ג,18:00,18:45,לעו,470,תרגיל,24/--,
33040,פיסיקה כללית ג' (מודרנית),141041.01.5780.01, שכטר יובל,ה,17:00,19:30,לעו,325,שעור,21/--,
33040,פיסיקה כללית ג' (מודרנית),141041.01.5780.11, שכטר יובל,ב,18:45,19:30,לעו,325,תרגיל,21/--,
33041,מכניקה סטטיסטית,141312.01.5780.01, כספי אבי (אברהם יצחק,ב,14:30,17:00,לעו,440,שעור,16/--,
33041,מכניקה סטטיסטית,141312.01.5780.11, כספי אבי (אברהם יצחק,ב,17:00,17:45,לעו,440,תרגיל,16/--,
33042,תיאוריית הקוונטים ב,141421.01.5780.01, גולדין שלמה,ג,15:15,17:00,לעו,470,שעור,13/--,
33042,תיאוריית הקוונטים ב,141421.01.5780.11, גולדין שלמה,ג,17:00,17:45,לעו,470,תרגיל,13/30,
33044,מצב מוצק ב,141531.01.5780.01, גולדין שלמה,ד,14:30,16:00,לעו,440,שעור,2/--,בחירה
33044,מצב מוצק ב,141531.01.5780.11, גולדין שלמה,ד,16:15,17:00,לעו,440,תרגיל,2/30,בחירה
33047,מבנה נתונים ותכניות א',150015.01.5780.01, קומר מאיר,א,14:30,17:00,ויילר,162,שעור,55/85,
33047,מבנה נתונים ותכניות א',150015.01.5780.02, קומר מאיר,ג,14:30,17:00,ישראל,203,שעור,52/85,
33047,מבנה נתונים ותכניות א',150015.01.5780.11, יטיב אריה,ב,18:45,19:30,בירן,103,תרגיל,37/30,
33047,מבנה נתונים ותכניות א',150015.01.5780.12, יטיב אריה,ד,18:45,19:30,סוחצ'בסקי,301,תרגיל,16/30,
33047,מבנה נתונים ותכניות א',150015.01.5780.14, ויזן אריה,ב,17:00,17:45,ישראל,204,תרגיל,15/30,
33047,מבנה נתונים ותכניות א',150015.01.5780.15, ויזן אריה,ה,18:45,19:30,בירן,103,תרגיל,16/30,
33047,מבנה נתונים ותכניות א',150015.01.5780.16, כהן דוד,א,18:45,19:30,ישראל,303,תרגיל,23/30,
33306,מבנה נתונים ותכניות א',150015.10.5780.01, קומר מאיר,ה,14:30,17:00,בראוז,305,שעור,25/--,
33306,מבנה נתונים ותכניות א',150015.10.5780.11, קומר מאיר,ה,17:00,17:45,בראוז,305,תרגיל,25/30,
33049,סדנא ב-++C,150018.01.5780.41, ויזן אריה,ב,14:30,17:00,בירן,203,פרוייקט-במ"מ,11/16,
33049,סדנא ב-++C,150018.01.5780.42, קדרון דוד,ב,14:30,17:00,בירן,204,פרוייקט-במ"מ,16/16,
33049,סדנא ב-++C,150018.01.5780.43, דשט עזרא,א,17:00,19:30,בירן,203,פרוייקט-במ"מ,17/16,
33049,סדנא ב-++C,150018.01.5780.44, ויזן אריה,א,17:00,19:30,בירן,204,פרוייקט-במ"מ,11/16,
33265,סדנא ב-++C,150018.02.5780.41, קדרון דוד,ה,16:15,18:45,בירן,203,פרוייקט-במ"מ,16/16,
33265,סדנא ב-++C,150018.02.5780.42, כהן דוד,ד,14:30,17:00,בירן,218,פרוייקט-במ"מ,16/16,
33265,סדנא ב-++C,150018.02.5780.43, ויזן אריה,ה,16:15,18:45,בירן,204,פרוייקט-במ"מ,16/16,
33265,סדנא ב-++C,150018.02.5780.44, רשימת המתנה אין לשבץ,ה,16:15,18:45,,,פרוייקט-במ"מ,0/0,בהמתנה
33265,סדנא ב-++C,150018.02.5780.45, יטיב אריה,ד,14:30,17:00,בירן,305,פרוייקט-במ"מ,14/16,
33307,סדנא ב-++C,150018.10.5780.41, מרכוס איתן,א,14:30,17:00,בירן,105,פרוייקט-במ"מ,24/22,
33051,עקרונות שפות תכנה,150060.01.5780.01, שחור חיים,ה,18:00,20:30,בירן,304,שעור,54/75,
33051,עקרונות שפות תכנה,150060.01.5780.02, שטולמן אריאל,א,14:30,17:00,סוחצ'בסקי,301,שעור,66/75,
33051,עקרונות שפות תכנה,150060.01.5780.41, גולדשטיין משה,א,17:00,18:30,בירן,221,פרוייקט-במ"מ,9/14,פעם בשבועיים שעתיים
33051,עקרונות שפות תכנה,150060.01.5780.42, גולדשטיין משה,א,17:00,18:30,בירן,221,פרוייקט-במ"מ,9/14,פעם בשבועיים שעתיים
33051,עקרונות שפות תכנה,150060.01.5780.43, ברזילי יעקב,ב,16:15,17:45,בירן,218,פרוייקט-במ"מ,14/14,פעם בשבועיים שעתיים
33051,עקרונות שפות תכנה,150060.01.5780.44, ברזילי יעקב,ב,16:15,17:45,בירן,218,פרוייקט-במ"מ,15/14,פעם בשבועיים שעתיים
33051,עקרונות שפות תכנה,150060.01.5780.45, שחור חיים,ד,14:30,16:00,בירן,221,פרוייקט-במ"מ,14/14,פעם בשבועיים שעתיים
33051,עקרונות שפות תכנה,150060.01.5780.46, גולדשטיין יאיר,ב,14:30,16:00,בירן,105,פרוייקט-במ"מ,14/14,פעם בשבועיים שעתיים
33051,עקרונות שפות תכנה,150060.01.5780.47, גולדשטיין יאיר,ב,14:30,16:00,בירן,105,פרוייקט-במ"מ,14/14,פעם בשבועיים שעתיים
33051,עקרונות שפות תכנה,150060.01.5780.48, לויאן יהונתן,א,19:45,21:15,בירן,105,פרוייקט-במ"מ,16/14,פעם בשבועיים שעתיים
33051,עקרונות שפות תכנה,150060.01.5780.50, ברזילי יעקב,ה,14:30,16:00,בירן,105,פרוייקט-במ"מ,15/14,פעם בשבועיים שעתיים
33052,אוטומטים ושפות פורמליות,150101.01.5780.01, שוייצר נדב,ב,14:30,17:00,ישראל,203,שעור,91/85,
33052,אוטומטים ושפות פורמליות,150101.01.5780.02, פריאנטי חיים,ד,14:30,17:00,ישראל,303,שעור,59/91,
33052,אוטומטים ושפות פורמליות,150101.01.5780.11, שוייצר נדב,ג,14:30,16:00,בירן,304,תרגיל,29/30,
33052,אוטומטים ושפות פורמליות,150101.01.5780.12, תמיר אהרן,ג,14:30,16:00,בראוז,305,תרגיל,24/30,
33052,אוטומטים ושפות פורמליות,150101.01.5780.13, חייט אלכסנדר,ה,18:00,19:30,בראוז,304,תרגיל,9/30,
33052,אוטומטים ושפות פורמליות,150101.01.5780.14, תמיר אהרן,ה,16:15,17:45,ישראל,303,תרגיל,29/30,
33052,אוטומטים ושפות פורמליות,150101.01.5780.15, פריאנטי חיים,ה,18:00,19:30,ישראל,303,תרגיל,13/30,
33052,אוטומטים ושפות פורמליות,150101.01.5780.16, פריאנטי חיים,ד,17:00,18:30,בירן,304,תרגיל,22/30,
33052,אוטומטים ושפות פורמליות,150101.01.5780.17, פריאנטי חיים,ד,18:45,20:15,בירן,304,תרגיל,24/30,
33308,אוטומטים ושפות פורמליות,150101.10.5780.01, מרכוס איתן,א,17:00,18:30,בראוז,205,שעור,12/--,
33308,אוטומטים ושפות פורמליות,150101.10.5780.01, מרכוס איתן,ד,13:30,14:15,בראוז,309,שעור,12/--,
33308,אוטומטים ושפות פורמליות,150101.10.5780.11, מרכוס איתן,ד,14:30,16:00,בראוז,309,תרגיל,12/30,
32863,בסיסי נתונים,150221.10.5780.01, גולדשטיין משה,א,14:30,17:00,בראוז,310,שעור,18/--,
33267,אנגלית למדעי  המחשב,150790.02.5780.01, נורין אברהם,ד,19:45,22:15,ישראל,303,שעור,19/30,
33267,אנגלית למדעי  המחשב,150790.02.5780.02, קדם יונתן,ד,19:45,22:15,ישראל,304,שעור,21/30,
33057,ניתוח מערכות ממוחשבות,151002.01.5780.01, סיזל דן,ג,14:30,17:00,ישראל,303,שעור,69/80,
33057,ניתוח מערכות ממוחשבות,151002.01.5780.02, סיזל דן,ה,18:00,20:30,ישראל,304,שעור,51/80,
33057,ניתוח מערכות ממוחשבות,151002.01.5780.41, דיין דוד,ב,14:30,16:00,בירן,305,פרוייקט-במ"מ,18/16,פעם בשבועיים שעתיים
33057,ניתוח מערכות ממוחשבות,151002.01.5780.42, דיין דוד,ב,14:30,16:00,בירן,305,פרוייקט-במ"מ,17/16,פעם בשבועיים שעתיים
33057,ניתוח מערכות ממוחשבות,151002.01.5780.43, גלר ברוך,א,18:45,20:15,בירן,221,פרוייקט-במ"מ,18/16,פעם בשבועיים שעתיים
33057,ניתוח מערכות ממוחשבות,151002.01.5780.44, גלר ברוך,א,18:45,20:15,בירן,221,פרוייקט-במ"מ,18/16,פעם בשבועיים שעתיים
33057,ניתוח מערכות ממוחשבות,151002.01.5780.46, גלר ברוך,ג,17:00,18:30,בירן,015,פרוייקט-במ"מ,16/16,פעם בשבועיים שעתיים
33057,ניתוח מערכות ממוחשבות,151002.01.5780.47, גלר ברוך,ג,17:00,18:30,בירן,015,פרוייקט-במ"מ,17/16,פעם בשבועיים שעתיים
33057,ניתוח מערכות ממוחשבות,151002.01.5780.48, דיין דוד,ג,18:45,20:15,בירן,105,פרוייקט-במ"מ,16/16,פעם בשבועיים שעתיים
32865,תכון תכנה להנדסה,151016.10.5780.01, גולן שחר,ב,14:30,17:00,בראוז,310,שעור,8/--,
32865,תכון תכנה להנדסה,151016.10.5780.41, גולן שחר,ד,13:00,14:30,בירן,105,פרוייקט-במ"מ,8/14,
33058,תכון תכנה להנדסה,151016.01.5780.01, גולן שחר,ג,17:00,19:30,ישראל,303,שעור,75/85,
33058,תכון תכנה להנדסה,151016.01.5780.02, גולן שחר,ג,14:30,17:00,ישראל,304,שעור,60/85,
33058,תכון תכנה להנדסה,151016.01.5780.41, לויאן יהונתן,ד,16:15,17:45,בירן,016,פרוייקט-במ"מ,14/14,
33058,תכון תכנה להנדסה,151016.01.5780.42, קדרון דוד,ב,18:00,19:30,בירן,221,פרוייקט-במ"מ,14/14,
33058,תכון תכנה להנדסה,151016.01.5780.43, קדרון דוד,ד,16:15,17:45,בירן,204,פרוייקט-במ"מ,16/14,
33058,תכון תכנה להנדסה,151016.01.5780.44, קדרון דוד,ה,14:30,16:00,בירן,218,פרוייקט-במ"מ,15/14,
33058,תכון תכנה להנדסה,151016.01.5780.45, לויאן יהונתן,ב,16:15,17:45,ויילר,227,פרוייקט-במ"מ,14/14,
33058,תכון תכנה להנדסה,151016.01.5780.46, קנול רפאל,ג,17:00,18:45,בירן,105,פרוייקט-במ"מ,17/14,
33058,תכון תכנה להנדסה,151016.01.5780.47, קנול רפאל,ד,14:30,16:00,בירן,105,פרוייקט-במ"מ,15/14,
33058,תכון תכנה להנדסה,151016.01.5780.48, קנול רפאל,ד,16:15,17:45,בירן,105,פרוייקט-במ"מ,14/14,
33058,תכון תכנה להנדסה,151016.01.5780.49, קדרון דוד,ד,14:30,16:00,בירן,204,פרוייקט-במ"מ,16/14,
33060,מבנה המחשב,151101.01.5780.01, מחלוף רוני חיים,ד,14:30,17:00,ישראל,204,שעור,61/70,
33060,מבנה המחשב,151101.01.5780.02, וינמן שמואל,ג,17:00,19:30,ישראל,203,שעור,71/70,
33310,מבנה המחשב,151101.10.5780.01, דנציג נחום,ד,18:00,19:30,בראוז,305,שעור,25/--,
33310,מבנה המחשב,151101.10.5780.01, דנציג נחום,ה,13:30,14:30,בראוז,305,שעור,25/--,
34256,מבנה המחשב,151101.71.5780.01, אליעזר אורן,ד,14:30,17:00,ויילר,150,שעור,37/--,
34256,מבנה המחשב,151101.71.5780.02, מחלוף רוני חיים,ד,11:30,14:15,ויילר,150,שעור,35/--,
33061,מערכות הפעלה,151111.01.5780.01, מוגהץ דרור,ד,17:00,19:30,ישראל,203,שעור,44/80,
33061,מערכות הפעלה,151111.01.5780.02, טרייסטמן אברהם,ד,17:00,19:30,ישראל,303,שעור,41/80,
33061,מערכות הפעלה,151111.01.5780.41, ברזילי יעקב,ג,16:15,17:45,בירן,204,פרוייקט-במ"מ,17/20,
33061,מערכות הפעלה,151111.01.5780.42, ברזילי יעקב,ג,18:00,19:30,בירן,204,פרוייקט-במ"מ,17/20,
33061,מערכות הפעלה,151111.01.5780.43, טרייסטמן אברהם,ג,16:15,17:45,בירן,218,פרוייקט-במ"מ,15/20,
33061,מערכות הפעלה,151111.01.5780.44, ברזילי יעקב,ג,14:30,16:00,בירן,204,פרוייקט-במ"מ,20/20,
33061,מערכות הפעלה,151111.01.5780.45, דנציג נחום,ג,16:15,17:45,בירן,221,פרוייקט-במ"מ,16/20,
32864,חישוביות ומורכבות החישובים,151285.10.5780.01, מרכוס איתן,ד,16:15,18:45,בראוז,310,שעור,6/--,
32864,חישוביות ומורכבות החישובים,151285.10.5780.11, חייט אלכסנדר,ד,14:30,16:00,בראוז,310,תרגיל,6/30,
33064,חישוביות ומורכבות החישובים,151285.01.5780.01, חייט אלכסנדר,א,14:30,17:00,בירן,103,שעור,66/80,
33064,חישוביות ומורכבות החישובים,151285.01.5780.02, חייט אלכסנדר,א,17:00,19:30,סוחצ'בסקי,301,שעור,66/80,
33064,חישוביות ומורכבות החישובים,151285.01.5780.11, חייט אלכסנדר,ד,16:15,17:45,בירן,103,תרגיל,20/30,
33064,חישוביות ומורכבות החישובים,151285.01.5780.12, גרינברג תומר,א,18:45,20:30,בירן,103,תרגיל,25/30,
33064,חישוביות ומורכבות החישובים,151285.01.5780.13, פריאנטי חיים,ה,16:15,17:45,בירן,103,תרגיל,25/30,אהרון תמיר- מרצה חדש
33064,חישוביות ומורכבות החישובים,151285.01.5780.14, גולדשטיין יאיר,ב,16:15,17:45,ישראל,304,תרגיל,32/30,
33064,חישוביות ומורכבות החישובים,151285.01.5780.15, חייט אלכסנדר,ה,16:15,17:45,ישראל,304,תרגיל,30/30,
33066,תכנות פונקציונלית ולוגית,153105.01.5780.01, גולדשטיין משה,ה,16:15,18:45,ישראל,203,שעור,95/75,
33066,תכנות פונקציונלית ולוגית,153105.01.5780.02, גולדשטיין יאיר,ה,14:30,17:00,בראוז,304,שעור,51/75,
33066,תכנות פונקציונלית ולוגית,153105.01.5780.21, גולדשטיין משה,ה,18:45,19:30,בירן,203,מעבדה,24/20,
33066,תכנות פונקציונלית ולוגית,153105.01.5780.22, גולדשטיין משה,ה,19:45,20:30,בירן,203,מעבדה,24/20,
33066,תכנות פונקציונלית ולוגית,153105.01.5780.23, גולדשטיין יאיר,ה,18:45,19:30,בירן,204,מעבדה,26/20,
33066,תכנות פונקציונלית ולוגית,153105.01.5780.24, גולדשטיין יאיר,ה,19:45,20:30,בירן,204,מעבדה,24/20,
33066,תכנות פונקציונלית ולוגית,153105.01.5780.26, גולדשטיין יאיר,ד,13:30,14:15,בירן,015,מעבדה,17/20,יש"ת
33066,תכנות פונקציונלית ולוגית,153105.01.5780.27, גולדשטיין יאיר,ד,14:30,15:15,בירן,015,מעבדה,20/20,יש"ת
33066,תכנות פונקציונלית ולוגית,153105.01.5780.28, גולדשטיין יאיר,ה,17:00,17:45,בירן,016,מעבדה,11/20,הרצוג
33312,תכנות פונקציונלית ולוגית,153105.10.5780.01, גולדשטיין משה,ב,14:30,17:00,בראוז,309,שעור,13/--,
33312,תכנות פונקציונלית ולוגית,153105.10.5780.21, גולדשטיין משה,ב,17:00,17:45,בירן,203,מעבדה,13/20,
33069,מבוא לתקשרת מחשבים,156200.01.5780.01, גרינברג אליהו,ה,16:15,18:45,ישראל,204,שעור,56/80,
33069,מבוא לתקשרת מחשבים,156200.01.5780.02, גרינברג אליהו,א,16:15,18:45,ישראל,203,שעור,65/80,
33069,מבוא לתקשרת מחשבים,156200.01.5780.11, גרינברג אליהו,ה,18:45,19:30,ישראל,204,תרגיל,29/30,
33069,מבוא לתקשרת מחשבים,156200.01.5780.12, סעדון גיא,ב,17:00,17:45,בירן,304,תרגיל,17/30,
33069,מבוא לתקשרת מחשבים,156200.01.5780.13, סעדון גיא,ב,18:45,19:30,בירן,304,תרגיל,30/30,
33069,מבוא לתקשרת מחשבים,156200.01.5780.14, לייבנזון איציק,א,18:45,19:30,ישראל,204,תרגיל,16/30,
33069,מבוא לתקשרת מחשבים,156200.01.5780.15, גרינברג אליהו,א,18:45,19:30,ישראל,203,תרגיל,29/30,
33071,מבוא לחשבונאות ניהולית,200111.01.5780.01, פיאטקובסקי יואב,ג,13:30,17:00,בירן,303,שעור,22/--,
33075,מבוא לחשבונאות פיננסית ב,200211.01.5780.01, ניימן אוריאל,א,13:30,17:00,בראוז,305,שעור,19/--,
33075,מבוא לחשבונאות פיננסית ב,200211.01.5780.11, קלמן אריה,א,17:00,18:45,בראוז,305,תרגיל,19/40,
33077,בעיות מדידה בחשבונאות ב',200222.01.5780.01, שטיינר הלל ,א,18:00,20:30,בראוז,304,שעור,17/--,
33077,בעיות מדידה בחשבונאות ב',200222.01.5780.11, שליחובסקי תנחום רן,ו,11:15,12:45,ישראל,202,תרגיל,17/--,
33078,דוחו"ת כספיים מאוחדים,200224.01.5780.01, שטיינר הלל ,ו,08:45,13:00,ישראל,203,שעור,14/--,
33078,דוחו"ת כספיים מאוחדים,200224.01.5780.11, ברוס יוחנן,ג,13:30,17:45,בראוז,304,תרגיל,14/--,
33080,מבוא למקרו כלכלה,200321.01.5780.01, מעלם בני,ו,08:30,11:00,בירן,103,שעור,40/--,
33080,מבוא למקרו כלכלה,200321.01.5780.11, מעלם בני,ו,11:15,12:45,בירן,103,תרגיל,23/30,מתקיים במרוכז עם מנע"ס
33080,מבוא למקרו כלכלה,200321.01.5780.12, מעלם בני,ו,11:15,12:45,בירן,103,תרגיל,17/30,מתקיים במרוכז עם חשבונאןת
34192,מבוא למקרו כלכלה,200321.10.5780.01, פרידמן חיים צבי,ו,10:15,12:45,בראוז,309,שעור,11/--,
34192,מבוא למקרו כלכלה,200321.10.5780.11, פרידמן חיים צבי,ו,12:45,14:30,בראוז,309,תרגיל,11/30,
33083,יסודות המימון ב,200411.01.5780.01, בהלול חיים,ג,13:30,16:00,ישראל,301,שעור,38/--,
33083,יסודות המימון ב,200411.01.5780.11, בהלול חיים,ג,16:15,17:00,ישראל,301,תרגיל,38/--,
33085,משפט עסקי ,200606.01.5780.01, בוסידאן רפאל,א,18:45,21:15,בראוז,305,שעור,20/--,
33087,דיני מיסים ב,200623.01.5780.01, אלמוגרבי אמנון,א,14:30,17:45,בראוז,304,שעור,15/--,
33087,דיני מיסים ב,200623.01.5780.11, כהן עופר,ו,08:30,09:30,ישראל,202,תרגיל,15/40,תרגיל שעתיים פעם בש
33090,מיסים למתקדמים ב',200637.01.5780.01, מקמילן ארז,א,16:15,19:30,בראוז,309,שעור,15/--,
33090,מיסים למתקדמים ב',200637.01.5780.11, צור יהונתן,א,19:45,21:15,בראוז,309,תרגיל,15/40,
34193,מבוא לתכנות עסקי ,200731.10.5780.41, חפץ אליהו,ג,18:15,20:30,בירן,305,פרוייקט-במ"מ,11/26,
33096,חשבונאות ניהולית למנהל עסקים,210112.01.5780.01, פטל הרצל,ו,08:30,11:00,ישראל,301,שעור,30/--,ילמד במרוכז- בתיאום עם המרצה
34208,חשבונאות ניהולית למנהל עסקים,210112.10.5780.01, דוד אייבור,ו,11:00,14:30,בראוז,310,שעור,20/--,
34216,שיטות מחקר ,210120.10.5780.01, בש הלל,ג,18:45,21:15,בראוז,206,שעור,8/--,פרונטלי 4 מקוון 1
34216,שיטות מחקר ,210120.10.5780.11, בש הלל,ג,21:30,22:15,בראוז,206,תרגיל,8/--,פרונטלי 4 מקוון 1
34206,מודיעין עסקי ,210122.10.5780.01, הומפריס מיכאל,ו,08:30,11:00,בראוז,310,שעור,21/--,מתוקשב קורס מתוקשב
33100,ניתוח דוחות פיננסיים למנע"ס,210208.01.5780.01, מי-טל עמי,ו,08:45,10:15,ישראל,204,שעור,13/--,
33100,ניתוח דוחות פיננסיים למנע"ס,210208.01.5780.11, מי-טל עמי,ו,10:30,11:15,ישראל,204,תרגיל,13/--,
34209,התנהגות אירגונית,210501.10.5780.01, הומפריס מיכאל,ג,13:00,15:30,בראוז,309,שעור,22/--,
33106,אנגלית מקצועית לניהול עסקים,210701.01.5780.01, ברוס נחמן,ג,18:00,20:30,ישראל,202,שעור,16/25,
33110,כלכלה להנדסת תעו"נ 2,240152.01.5780.01, גיאת יהל,ה,18:00,19:30,ויילר,161,שעור,39/--,
33110,כלכלה להנדסת תעו"נ 2,240152.01.5780.01, גיאת יהל,ה,19:45,20:30,ויילר,161,שעור,39/--,
33110,כלכלה להנדסת תעו"נ 2,240152.01.5780.11, גיאת יהל,ג,18:45,19:30,ויילר,161,תרגיל,19/20,
33110,כלכלה להנדסת תעו"נ 2,240152.01.5780.12, גיאת יהל,ג,18:00,18:45,ויילר,161,תרגיל,20/20,
33111,הנדסת שיטות וחקר  עבודה,240202.01.5780.01, לוי מאיר,ה,16:15,18:45,סוחצ'בסקי,ס210,שעור,32/--,
33111,הנדסת שיטות וחקר  עבודה,240202.01.5780.11, לוי מאיר,ה,18:45,19:30,סוחצ'בסקי,ס210,תרגיל,20/20,
33111,הנדסת שיטות וחקר  עבודה,240202.01.5780.12, לוי מאיר,ה,19:45,20:30,סוחצ'בסקי,ס210,תרגיל,12/20,
33112,בקרת איכות ,240211.01.5780.01, שאקי יאיר,א,16:15,17:45,ויילר,150,שעור,28/--,
33112,בקרת איכות ,240211.01.5780.11, שאקי יאיר,א,18:45,19:30,ויילר,150,תרגיל,15/20,
33112,בקרת איכות ,240211.01.5780.12, שאקי יאיר,א,19:45,20:30,ויילר,150,תרגיל,13/20,
33113,ישומים בהבטחת איכות,240212.01.5780.01, קורח אריאל,א,18:00,18:45,ויילר,150,שעור,30/--,
33113,ישומים בהבטחת איכות,240212.01.5780.11, קורח אריאל,א,18:45,19:30,ויילר,162,תרגיל,17/20,
33113,ישומים בהבטחת איכות,240212.01.5780.12, קורח אריאל,א,19:45,20:30,ויילר,162,תרגיל,13/20,
33117,פסיכולוגיה אירגונית,240275.01.5780.01, אוחנה דוד,ג,17:00,19:30,סוחצ'בסקי,ס210,שעור,30/--,
33120,מבנה נתונים ואלגוריתמים,240510.01.5780.01, גולדנברג מאיר,א,17:00,18:45,סוחצ'בסקי,ס210,שעור,32/--,
33120,מבנה נתונים ואלגוריתמים,240510.01.5780.41, פכלר הלל משה,ד,14:30,16:00,לעו,320,פרוייקט-במ"מ,16/15,
33120,מבנה נתונים ואלגוריתמים,240510.01.5780.42, פכלר הלל משה,ד,16:15,17:45,לעו,320,פרוייקט-במ"מ,11/15,
33120,מבנה נתונים ואלגוריתמים,240510.01.5780.43, פכלר הלל משה,ד,18:00,19:30,לעו,320,פרוייקט-במ"מ,5/15,
33122,בסיסי נתונים-תו"נ,240516.01.5780.01, גולדנברג מאיר,ג,14:30,16:00,ויילר,161,שעור,36/--,
33122,בסיסי נתונים-תו"נ,240516.01.5780.21, גולדנברג מאיר,ה,14:30,16:00,ישראל,201,מעבדה,14/20,
33122,בסיסי נתונים-תו"נ,240516.01.5780.22, גולדנברג מאיר,ג,16:15,17:45,בירן,305,מעבדה,22/20,
33123,מבוא למערכות מידע,240520.01.5780.01, קאופמן דוד,ג,14:30,16:00,סוחצ'בסקי,ס210,שעור,28/--,
33123,מבוא למערכות מידע,240520.01.5780.21, קאופמן דוד,ג,16:15,17:00,ישראל,201,מעבדה,19/20,
33123,מבוא למערכות מידע,240520.01.5780.22, קאופמן דוד,ה,18:45,19:30,ויילר,227,מעבדה,9/20,
33124,מערכות ERP,240522.01.5780.01, קצב יצחק,ה,14:30,16:00,ויילר,150,שעור,42/--,
33124,מערכות ERP,240522.01.5780.21, דרזנר נתנאל,ה,18:45,20:30,ישראל,201,מעבדה,25/25,
33124,מערכות ERP,240522.01.5780.22, דרזנר נתנאל,ב,19:45,21:15,ויילר,227,מעבדה,17/25,יהיה לשנה ג
33126,סטטיסטיקה להנדסת תעו"נ,240632.01.5780.01, חנוכוב גבריאל,ד,14:30,17:00,ויילר,161,שעור,34/--,
33126,סטטיסטיקה להנדסת תעו"נ,240632.01.5780.11, בונדר שמעון,א,17:00,17:45,ויילר,161,תרגיל,20/20,
33126,סטטיסטיקה להנדסת תעו"נ,240632.01.5780.12, בונדר שמעון,א,18:00,18:45,ויילר,161,תרגיל,14/20,
33127,שיטות חישוב למודלים של אופטימיזציה,240640.01.5780.01, דרייפוס מיכאל,ד,17:00,17:45,ישראל,201,שעור,14/14,
33127,שיטות חישוב למודלים של אופטימיזציה,240640.01.5780.21, דרייפוס מיכאל,ד,18:00,19:30,ישראל,201,מעבדה,14/14,
33273,שיטות חישוב למודלים של אופטימיזציה,240640.02.5780.01, דרזנר נתנאל,ד,17:00,17:45,ויילר,162,שעור,10/14,
33273,שיטות חישוב למודלים של אופטימיזציה,240640.02.5780.21, דרזנר נתנאל,ד,18:00,19:30,ויילר,227,מעבדה,10/14,
33287,שיטות חישוב למודלים של אופטימיזציה,240640.03.5780.01, דרזנר נתנאל,ב,17:00,17:45,ויילר,150,שעור,14/14,
33287,שיטות חישוב למודלים של אופטימיזציה,240640.03.5780.21, דרזנר נתנאל,ב,18:00,19:30,ויילר,227,מעבדה,14/14,
33128,חקר ביצועים ב',240642.01.5780.01, אילני חגי,א,14:30,17:00,ויילר,161,שעור,40/--,
33128,חקר ביצועים ב',240642.01.5780.11, גת יוחאי,ה,14:30,16:00,ויילר,161,תרגיל,16/20,
33128,חקר ביצועים ב',240642.01.5780.12, גת יוחאי,ה,16:15,17:45,ויילר,161,תרגיל,24/20,
32940,פיתוח וניהול מיזמים עסקיים,700170.01.5780.01, כרמי גולן,ה,16:15,18:45,בראוז,309,שעור,27/--,
33134,רשתות ניידות ב ,156356.01.5780.01, חדאד יורם,ב,16:15,17:45,לעו,302,שעור,4/--,
33134,רשתות ניידות ב ,156356.01.5780.11, חדאד יורם,ב,18:00,18:45,לעו,302,תרגיל,4/30,
32853,משוואות דפרנציאליות,120501.10.5780.01, מילר ירמיהו,ה,14:30,17:00,בראוז,310,שעור,17/85,
32853,משוואות דפרנציאליות,120501.10.5780.11, מילר ירמיהו,ה,17:00,17:45,בראוז,310,תרגיל,17/25,
33138,משוואות דפרנציאליות,120501.01.5780.01, פרידמן יעקב,ה,14:30,17:00,ויילר,160,שעור,101/80,
33138,משוואות דפרנציאליות,120501.01.5780.02, פרידמן יעקב,ב,14:30,17:00,ישראל,303,שעור,81/80,
33138,משוואות דפרנציאליות,120501.01.5780.03, לנדר ולדימיר,ד,14:30,17:00,ישראל,203,שעור,72/80,
33138,משוואות דפרנציאליות,120501.01.5780.11, נווה אופיר,ג,18:45,19:30,ויילר,162,תרגיל,37/25,
33138,משוואות דפרנציאליות,120501.01.5780.12, לנדר ולדימיר,ג,18:45,19:30,ויילר,150,תרגיל,37/25,
33138,משוואות דפרנציאליות,120501.01.5780.13, פטרון עמיקם,ד,18:00,18:45,לעו,315,תרגיל,27/25,
33138,משוואות דפרנציאליות,120501.01.5780.14, סקאר צבי,ה,18:45,19:30,ויילר,160,תרגיל,16/25,
33138,משוואות דפרנציאליות,120501.01.5780.15, סקאר צבי,ה,19:45,20:30,ויילר,160,תרגיל,17/25,
33138,משוואות דפרנציאליות,120501.01.5780.16, פטרון עמיקם,א,18:45,19:30,ויילר,161,תרגיל,25/25,
33138,משוואות דפרנציאליות,120501.01.5780.17, אוסטפנקו  ודים זאב,א,18:00,18:45,ויילר,162,תרגיל,23/25,
33138,משוואות דפרנציאליות,120501.01.5780.18, פרטוש אלי,ג,18:45,19:30,בירן,304,תרגיל,25/25,
33138,משוואות דפרנציאליות,120501.01.5780.19, לנדר ולדימיר,ה,18:45,19:30,ישראל,203,תרגיל,25/25,
33138,משוואות דפרנציאליות,120501.01.5780.20, לנדר ולדימיר,ה,19:45,20:30,ישראל,203,תרגיל,22/25,
34304,משוואות דפרנציאליות,120501.71.5780.01, עמר מרדכי,ה,11:00,13:15,ויילר,162,שעור,43/85,
34304,משוואות דפרנציאליות,120501.71.5780.11, פטרון עמיקם,א,17:00,17:45,ויילר,162,תרגיל,19/25,יש"ת
34304,משוואות דפרנציאליות,120501.71.5780.12, פטרון עמיקם,ד,17:00,17:45,בראוז,304,תרגיל,15/25,יש"ת
34304,משוואות דפרנציאליות,120501.71.5780.13, פרטוש אלי,ד,13:45,14:30,לעו,560,תרגיל,9/25,להרצוג
33140,עיבוד ספרתי של אותות,130651.01.5780.01, אנגלברג שלמה,ב,16:15,18:45,לעו,450,שעור,46/--,
33140,עיבוד ספרתי של אותות,130651.01.5780.11, אנגלברג שלמה,ב,18:45,19:30,לעו,450,תרגיל,25/25,
33140,עיבוד ספרתי של אותות,130651.01.5780.12, אנגלברג שלמה,ה,15:15,16:00,לעו,450,תרגיל,21/25,
33144,מכניקה וחשמל לתעו"נ,141013.01.5780.01, פיוטרקובסקי מנשה,א,14:30,17:00,סוחצ'בסקי,ס210,שעור,33/--,
33144,מכניקה וחשמל לתעו"נ,141013.01.5780.11, פיוטרקובסקי מנשה,ב,17:00,17:45,סוחצ'בסקי,ס210,תרגיל,21/20,
33144,מכניקה וחשמל לתעו"נ,141013.01.5780.12, פיוטרקובסקי מנשה,ב,18:00,18:45,סוחצ'בסקי,ס210,תרגיל,12/20,
34263,מבנה נתונים ב',150090.71.5780.01, קדרון דוד,ה,11:30,14:15,סוחצ'בסקי,ס210,שעור,38/--,
34263,מבנה נתונים ב',150090.71.5780.11, ברזילי יעקב,ב,18:45,20:15,סוחצ'בסקי,230,תרגיל,14/30,
34263,מבנה נתונים ב',150090.71.5780.12, כהן דוד,ב,10:30,12:00,סוחצ'בסקי,230,תרגיל,24/30,
33150,הנדסת מערכות זמן אמת,151192.01.5780.01, טייטלבאום אריה,ד,18:00,19:30,בירן,103,שעור,40/--,
33150,הנדסת מערכות זמן אמת,151192.01.5780.41, לויאן יהונתן,א,17:00,18:45,בירן,105,פרוייקט-במ"מ,9/14,
33150,הנדסת מערכות זמן אמת,151192.01.5780.42, לויאן יהונתן,ד,14:30,16:00,בירן,016,פרוייקט-במ"מ,16/14,
33150,הנדסת מערכות זמן אמת,151192.01.5780.43, ברזילי יעקב,ב,14:30,16:00,בירן,218,פרוייקט-במ"מ,15/14,
33317,מיני פרויקט במערכות חלונות,153007.10.5780.41, ארז דן,ד,17:15,20:30,בירן,221,פרוייקט-במ"מ,10/16,
33158,ניתוח מערכות מידע ב,240515.01.5780.01, קאופמן דוד,ה,16:15,17:45,סוחצ'בסקי,230,שעור,22/--,
33158,ניתוח מערכות מידע ב,240515.01.5780.21, קאופמן דוד,ה,18:00,18:45,ויילר,227,מעבדה,22/20,
33159,ביקורת חשבונות ב,200252.01.5780.01, פיאטקובסקי יואב,ג,18:00,20:30,בראוז,304,שעור,15/--,
33161,חשבון אינפיני' להנדסה 2,120132.01.5780.01, איטין יעקב,ב,14:30,16:00,ויילר,160,שעור,94/85,
33161,חשבון אינפיני' להנדסה 2,120132.01.5780.01, איטין יעקב,ד,16:15,17:45,ויילר,160,שעור,94/85,
33161,חשבון אינפיני' להנדסה 2,120132.01.5780.02, לנדר ולדימיר,ג,14:30,16:00,ישראל,204,שעור,63/85,
33161,חשבון אינפיני' להנדסה 2,120132.01.5780.02, לנדר ולדימיר,ה,14:30,16:00,ישראל,204,שעור,63/85,
33161,חשבון אינפיני' להנדסה 2,120132.01.5780.03, ניימן אהרן,ב,14:30,16:00,סוחצ'בסקי,ס220,שעור,98/85,
33161,חשבון אינפיני' להנדסה 2,120132.01.5780.03, ניימן אהרן,ה,14:30,16:00,סוחצ'בסקי,ס220,שעור,98/85,
33161,חשבון אינפיני' להנדסה 2,120132.01.5780.11, קוך יהושוע אוליביה,א,14:30,16:00,לעו,560,תרגיל,36/25,
33161,חשבון אינפיני' להנדסה 2,120132.01.5780.12, קוך יהושוע אוליביה,ה,17:00,18:45,ויילר,160,תרגיל,37/25,
33161,חשבון אינפיני' להנדסה 2,120132.01.5780.13, ניימן אהרן,א,17:00,18:45,לעו,315,תרגיל,23/25,
33161,חשבון אינפיני' להנדסה 2,120132.01.5780.14, לנדר ולדימיר,ג,16:15,17:45,ישראל,204,תרגיל,27/25,
33161,חשבון אינפיני' להנדסה 2,120132.01.5780.15, אולשנסקי יעקב,ג,18:00,19:30,ישראל,204,תרגיל,16/25,
33161,חשבון אינפיני' להנדסה 2,120132.01.5780.16, ניימן אהרן,ב,17:00,18:45,בירן,103,תרגיל,20/25,
33161,חשבון אינפיני' להנדסה 2,120132.01.5780.17, ויסמן אפרים,ב,16:15,17:45,סוחצ'בסקי,ס220,תרגיל,25/25,
33161,חשבון אינפיני' להנדסה 2,120132.01.5780.18, ויסמן אפרים,ב,18:00,19:30,סוחצ'בסקי,ס220,תרגיל,24/25,
33161,חשבון אינפיני' להנדסה 2,120132.01.5780.19, וולר יואב,ד,16:15,17:45,סוחצ'בסקי,ס210,תרגיל,24/25,
33161,חשבון אינפיני' להנדסה 2,120132.01.5780.20, וולר יואב,ד,18:00,19:30,סוחצ'בסקי,ס210,תרגיל,23/25,
34299,חשבון אינפיני' להנדסה 2,120132.71.5780.01, ברכץ דידיה,א,17:00,18:30,לעו,540,שעור,39/--,
34299,חשבון אינפיני' להנדסה 2,120132.71.5780.01, ברכץ דידיה,ה,14:30,16:00,לעו,560,שעור,39/--,
34299,חשבון אינפיני' להנדסה 2,120132.71.5780.11, קוך יהושוע אוליביה,א,18:45,20:15,לעו,540,תרגיל,15/25,
34299,חשבון אינפיני' להנדסה 2,120132.71.5780.12, קוך יהושוע אוליביה,ה,18:45,20:15,לעו,560,תרגיל,24/25,
33166,מעבדה באלקטרוניקה וחשמל,130265.01.5780.21, כספי אבי (אברהם יצחק,א,14:30,19:30,ויילר,405,מעבדה,14/15,
33166,מעבדה באלקטרוניקה וחשמל,130265.01.5780.22, כהן מאיר,א,14:30,19:30,ויילר,407,מעבדה,16/15,
33166,מעבדה באלקטרוניקה וחשמל,130265.01.5780.23, מזרחי שמעון,א,14:30,19:30,ויילר,405,מעבדה,15/15,
33169,תכנון אופטי מתקדם,140132.01.5780.01, שינפלד דוד,ב,17:00,18:45,לעו,320,שעור,15/--,
33170,יישומים באופטיקה פיסיקלית,140212.01.5780.01, אריאלי יואל,ב,16:15,17:45,לעו,325,שעור,20/--,
33170,יישומים באופטיקה פיסיקלית,140212.01.5780.11, אריאלי יואל,ב,18:00,18:45,לעו,325,תרגיל,20/--,
33171,סדנא באופטיקה,140361.01.5780.01, קרסנטי אבי,ג,15:15,16:00,לעו,440,שעור,12/25,
33171,סדנא באופטיקה,140361.01.5780.11, קרסנטי אבי,ג,16:15,17:00,לעו,440,תרגיל,12/25,
33172,מבוא לתקשרת אופטית,140710.01.5780.01, אריאלי יואל,ב,14:30,16:00,לעו,302,שעור,5/--,
33175,מערכות הדמיה ברפואה,142505.01.5780.01, לייכטר יצחק,ה,14:30,16:00,לעו,325,שעור,18/--,
33175,מערכות הדמיה ברפואה,142505.01.5780.11, לייכטר יצחק,ה,16:15,17:00,לעו,325,תרגיל,18/--,
33177,מיני פרויקט בבסיסי נתונים,150225.01.5780.41, ויזן אריה,ה,14:30,16:00,בירן,203,פרוייקט-במ"מ,13/14,
33177,מיני פרויקט בבסיסי נתונים,150225.01.5780.42, גולדשטיין יאיר,ד,18:00,19:30,בירן,015,פרוייקט-במ"מ,14/14,
33177,מיני פרויקט בבסיסי נתונים,150225.01.5780.43, לוק ידידאל,ב,16:15,17:45,בירן,105,פרוייקט-במ"מ,15/14,
33177,מיני פרויקט בבסיסי נתונים,150225.01.5780.44, ויזן אריה,ד,14:30,16:00,בירן,203,פרוייקט-במ"מ,14/14,
33177,מיני פרויקט בבסיסי נתונים,150225.01.5780.45, דשט עזרא,ה,16:15,17:45,בירן,105,פרוייקט-במ"מ,11/14,
33177,מיני פרויקט בבסיסי נתונים,150225.01.5780.46, דשט עזרא,ה,14:30,16:00,בירן,204,פרוייקט-במ"מ,9/14,
33177,מיני פרויקט בבסיסי נתונים,150225.01.5780.47, ויזן אריה,ד,16:15,17:45,בירן,203,פרוייקט-במ"מ,15/14,
33177,מיני פרויקט בבסיסי נתונים,150225.01.5780.49, גולדשטיין יאיר,ד,16:15,17:45,בירן,015,פרוייקט-במ"מ,15/14,
33177,מיני פרויקט בבסיסי נתונים,150225.01.5780.50, גולדשטיין יאיר,ב,18:00,19:30,בירן,105,פרוייקט-במ"מ,17/14,
33179,אלגוריתמיקה מקבילית,151281.01.5780.01, פרץ יוסף,ב,16:15,18:45,ויילר,161,שעור,24/--,
33179,אלגוריתמיקה מקבילית,151281.01.5780.11, פרץ יוסף,ב,18:45,20:30,ויילר,161,תרגיל,24/30,
33182,ניתוח מערכות מידע ,200733.01.5780.01, בירפר איליה,ג,18:45,20:30,ישראל,301,שעור,39/--,
33183,אנגלית לחשבונאים,200790.01.5780.01, ברוס נחמן,א,13:30,16:00,בראוז,309,שעור,12/30,
33184,ניהול השיווק,210010.01.5780.01, קירשנבוים אשר,ג,13:30,17:00,בירן,103,שעור,20/--,
34196,ניהול השיווק,210010.10.5780.01, בל נח,ג,20:30,22:00,בראוז,205,שעור,9/--,
34196,ניהול השיווק,210010.10.5780.01, בל נח,ו,08:30,10:00,בראוז,309,שעור,9/--,
32830,סימולציה- חלק ב,240647.01.5780.21, דרייפוס מיכאל,ב,14:30,16:00,ישראל,201,מעבדה,14/14,
32830,סימולציה- חלק ב,240647.01.5780.22, דרייפוס מיכאל,ב,17:00,18:45,ישראל,201,מעבדה,14/14,
32830,סימולציה- חלק ב,240647.01.5780.23, דרייפוס מיכאל,ד,15:15,17:00,ישראל,201,מעבדה,12/14,
33193,תקשורת מודרנית ,130667.01.5780.01, זילביגר אבי,ד,14:30,17:00,לעו,460,שעור,27/--,
33194,יישומי תוכנה מתקדמים  לחשבונאים,200737.01.5780.41, בירפר איליה,ג,20:30,22:15,ישראל,201,פרוייקט-במ"מ,22/24,
33279,אנגלית טרום בסיסי ב,179162.02.5780.01, נורין אברהם,א,13:20,14:20,סוחצ'בסקי,230,שעור,22/30,
33279,אנגלית טרום בסיסי ב,179162.02.5780.01, נורין אברהם,א,19:45,21:15,סוחצ'בסקי,230,שעור,22/30,
33279,אנגלית טרום בסיסי ב,179162.02.5780.01, נורין אברהם,ג,13:20,14:20,סוחצ'בסקי,230,שעור,22/30,
33279,אנגלית טרום בסיסי ב,179162.02.5780.01, נורין אברהם,ה,13:20,14:20,סוחצ'בסקי,230,שעור,22/30,
33280,אנגלית בסיסי,179163.02.5780.01, לוי אלישיב,א,13:20,14:20,ישראל,304,שעור,30/30,
33280,אנגלית בסיסי,179163.02.5780.01, לוי אלישיב,א,19:45,21:15,ישראל,304,שעור,30/30,
33280,אנגלית בסיסי,179163.02.5780.01, לוי אלישיב,ג,13:20,14:20,ישראל,304,שעור,30/30,
33280,אנגלית בסיסי,179163.02.5780.01, לוי אלישיב,ה,13:20,14:20,ישראל,304,שעור,30/30,
33280,אנגלית בסיסי,179163.02.5780.02, פולק מרק,א,13:20,14:20,ויילר,161,שעור,26/30,
33280,אנגלית בסיסי,179163.02.5780.02, פולק מרק,א,19:45,21:15,ויילר,161,שעור,26/30,
33280,אנגלית בסיסי,179163.02.5780.02, פולק מרק,ג,13:20,14:20,ויילר,161,שעור,26/30,
33280,אנגלית בסיסי,179163.02.5780.02, פולק מרק,ה,13:20,14:20,ויילר,161,שעור,26/30,
33293,אנגלית בסיסי,179163.07.5780.01, משיח אבי,ג,20:30,22:00,בירן,103,שעור,20/30,
33293,אנגלית בסיסי,179163.07.5780.01, משיח אבי,ו,13:00,14:30,בירן,103,שעור,20/30,
33281,אנגלית מתקדמים א,179164.03.5780.01, פרייס שרגא,א,13:20,14:20,בירן,203,שעור,33/30,
33281,אנגלית מתקדמים א,179164.03.5780.01, פרייס שרגא,ג,13:20,14:20,בירן,203,שעור,33/30,
33281,אנגלית מתקדמים א,179164.03.5780.01, פרייס שרגא,ה,13:20,14:20,בירן,203,שעור,33/30,
33281,אנגלית מתקדמים א,179164.03.5780.02, ברוס נחמן,ב,19:45,21:15,ישראל,204,שעור,35/30,
33281,אנגלית מתקדמים א,179164.03.5780.02, ברוס נחמן,ד,19:45,21:15,ישראל,204,שעור,35/30,
33289,אנגלית מתקדמים ב,179165.03.5780.01, פאלק ראובן,א,19:45,21:15,ישראל,203,שעור,30/30,
33289,אנגלית מתקדמים ב,179165.03.5780.01, פאלק ראובן,ג,19:45,21:15,ישראל,203,שעור,30/30,
33289,אנגלית מתקדמים ב,179165.03.5780.02, הייסר יעקב,א,13:20,14:20,ישראל,204,שעור,30/30,
33289,אנגלית מתקדמים ב,179165.03.5780.02, הייסר יעקב,ג,13:20,14:20,ישראל,204,שעור,30/30,
33289,אנגלית מתקדמים ב,179165.03.5780.02, הייסר יעקב,ה,13:20,14:20,ישראל,204,שעור,30/30,
33289,אנגלית מתקדמים ב,179165.03.5780.03, קאליש יוסף,א,19:45,21:15,ישראל,204,שעור,30/30,
33289,אנגלית מתקדמים ב,179165.03.5780.03, קאליש יוסף,ג,19:45,21:15,ישראל,204,שעור,30/30,
33295,אנגלית מתקדמים ב,179165.07.5780.01, בלוג ישעיה,ג,20:30,22:00,ישראל,301,שעור,30/30,
33295,אנגלית מתקדמים ב,179165.07.5780.01, בלוג ישעיה,ו,13:00,14:30,ישראל,301,שעור,30/30,
33201,סמינר במערכות מידע,200738.01.5780.31, גלבוע אורי,א,21:30,22:15,בראוז,309,סמינר,16/--,פרונטלי פגישות אישיות
33203,תכון ממשקי תכנה וחומרה,240533.01.5780.01, טרבלסי מאור,ג,16:15,18:45,ויילר,150,שעור,34/--,
33203,תכון ממשקי תכנה וחומרה,240533.01.5780.41, טרבלסי מאור,ג,18:45,20:15,ויילר,227,פרוייקט-במ"מ,17/16,שעתיים פעם בשבועיים
33203,תכון ממשקי תכנה וחומרה,240533.01.5780.42, טרבלסי מאור,ג,18:45,20:15,ויילר,227,פרוייקט-במ"מ,17/16,שעתיים פעם בשבועיים
33205,ארגון קבצים ומערכות הפעלה,240518.01.5780.01, בוכניק דן,ה,16:15,18:45,ויילר,150,שעור,20/--,
33205,ארגון קבצים ומערכות הפעלה,240518.01.5780.11, בוכניק דן,ה,18:45,19:30,ויילר,150,תרגיל,20/30,
33207,כריית מידע,240537.01.5780.01, גולדנברג מאיר,א,13:30,15:15,ישראל,201,שעור,23/--,
33207,כריית מידע,240537.01.5780.21, גולדנברג מאיר,א,15:15,16:00,ישראל,201,מעבדה,23/20,
33209,אלקטרוניקה אנלוגית וספרתית לפיסיקה,130206.01.5780.01, גלמן דוד,ד,14:30,17:00,לעו,325,שעור,19/--,
33209,אלקטרוניקה אנלוגית וספרתית לפיסיקה,130206.01.5780.11, גלמן דוד,ד,17:00,17:45,לעו,325,תרגיל,19/--,
33210,מעבדה במבנה המחשב,151103.01.5780.41, כהן דוד,ב,17:00,18:45,בירן,204,פרוייקט-במ"מ,14/14,
33210,מעבדה במבנה המחשב,151103.01.5780.42, טרייסטמן אברהם,ג,18:00,19:30,בירן,218,פרוייקט-במ"מ,11/14,
33210,מעבדה במבנה המחשב,151103.01.5780.43, כהן דוד,ג,16:15,17:45,בירן,203,פרוייקט-במ"מ,14/14,
33210,מעבדה במבנה המחשב,151103.01.5780.44, כהן דוד,ב,14:30,16:00,בירן,221,פרוייקט-במ"מ,10/14,
33283,מעבדה במבנה המחשב,151103.02.5780.41, אליעזר אורן,ד,18:00,19:30,בירן,218,פרוייקט-במ"מ,15/14,
33283,מעבדה במבנה המחשב,151103.02.5780.42, שטינמץ נתן,ב,16:15,17:45,בירן,305,פרוייקט-במ"מ,15/14,
33283,מעבדה במבנה המחשב,151103.02.5780.43, שטינמץ נתן,ב,18:00,19:30,,,פרוייקט-במ"מ,17/14,
33283,מעבדה במבנה המחשב,151103.02.5780.44, ברזילי יעקב,ה,17:00,18:45,בירן,305,פרוייקט-במ"מ,14/14,
33319,מעבדה במבנה המחשב,151103.10.5780.41, דנציג נחום,ה,18:00,19:30,בירן,016,פרוייקט-במ"מ,22/22,
34257,מעבדה במבנה המחשב,151103.71.5780.41, שטינמץ נתן,ה,14:30,16:00,בירן,015,פרוייקט-במ"מ,14/14,
34257,מעבדה במבנה המחשב,151103.71.5780.42, דנציג נחום,ה,14:30,16:00,בירן,016,פרוייקט-במ"מ,18/14,
34257,מעבדה במבנה המחשב,151103.71.5780.43, וינמן שמואל,א,18:00,19:30,בירן,015,פרוייקט-במ"מ,18/14,
34257,מעבדה במבנה המחשב,151103.71.5780.44, שטינמץ נתן,א,18:00,19:30,בירן,016,פרוייקט-במ"מ,17/14,
34207,תחרות לא משוכללת ואסטרטגיה של הפירמה ,210324.10.5780.01, מנס ערן,ג,16:15,18:45,בראוז,310,שעור,21/--,
33212,כלי ניתוח ותחקור נתונים,200739.01.5780.41, טובין יהונתן,א,20:30,22:15,בירן,203,פרוייקט-במ"מ,17/25,
33214,יסודות לאבטחת רשתות,156364.01.5780.01, שטולמן אריאל,ה,16:15,17:45,בירן,304,שעור,12/--,
33214,יסודות לאבטחת רשתות,156364.01.5780.41, שטולמן אריאל,ה,14:30,16:00,בירן,221,פרוייקט-במ"מ,12/30,
33220,חקר ביצועים למנע"ס ב,210333.01.5780.01, מינס אחיעד,ג,12:15,15:15,ישראל,202,שעור,16/--,מתחיל ב-00:13
33223,מבוא לאבטחת מידע,156360.01.5780.01, קרבצ'יק משה,א,14:30,16:00,ישראל,303,שעור,53/--,
33223,מבוא לאבטחת מידע,156360.01.5780.41, חורי עמית,א,16:15,17:45,ישראל,304,פרויקט,17/35,
33223,מבוא לאבטחת מידע,156360.01.5780.42, חורי עמית,א,18:00,19:30,ישראל,304,פרויקט,6/35,
33223,מבוא לאבטחת מידע,156360.01.5780.43, קרבצ'יק משה,א,16:15,17:45,ישראל,303,פרויקט,30/35,
34301,מבוא לאבטחת מידע,156360.71.5780.01, שחור חיים,ד,17:00,18:45,לעו,560,שעור,38/--,
34301,מבוא לאבטחת מידע,156360.71.5780.42,,ב,17:00,18:30,לעו,540,פרויקט,29/30,
34301,מבוא לאבטחת מידע,156360.71.5780.43, שחור חיים,ד,18:45,20:30,לעו,560,פרויקט,9/30,
34337,מבוא לאבטחת מידע,156360.72.5780.01, שחור חיים,ד,11:30,13:00,ויילר,162,שעור,34/--,
34337,מבוא לאבטחת מידע,156360.72.5780.41, שחור חיים,ב,18:45,20:15,ויילר,162,פרויקט,34/30,
33224,wan+lan רשתות,156308.01.5780.01, היומן עזריאל,ב,18:00,20:30,ויילר,150,שעור,5/--,
33224,wan+lan רשתות,156308.01.5780.41, גרינברג אליהו,ד,18:00,19:30,בירן,105,פרוייקט-במ"מ,5/14,
33229,מודלים רציונלים במימון,210420.01.5780.01, ברק רונן,ג,15:15,17:45,ישראל,202,שעור,7/--,
34217,מודלים רציונלים במימון,210420.10.5780.01, מנס ערן,ג,13:30,16:00,בראוז,205,שעור,8/--,
33233,מערכות הספק 2,130572.01.5780.01, וינשטוק דן,א,18:00,20:30,לעו,440,שעור,15/--,
33233,מערכות הספק 2,130572.01.5780.11, וינשטוק דן,א,20:30,21:15,לעו,440,תרגיל,15/30,
33234,הנע חשמלי,130574.01.5780.01, אליה יוסף,ה,17:00,19:30,לעו,440,שעור,15/--,
33234,הנע חשמלי,130574.01.5780.11, אליה יוסף,ה,19:45,20:30,לעו,440,תרגיל,15/30,
33238,מבוא להנדסת תוכנה,151050.01.5780.01, זילברשטיין דן,ה,13:30,16:00,ישראל,203,שעור,70/70,
33238,מבוא להנדסת תוכנה,151050.01.5780.02, עזרא צור אלישי,ה,13:30,16:00,ישראל,303,שעור,34/70,
33239,מיני פרויקט במבוא להנדסת תוכנה,151055.01.5780.41, גנסבורגר אליעזר,ג,16:15,17:45,בירן,016,פרוייקט-במ"מ,16/14,
33239,מיני פרויקט במבוא להנדסת תוכנה,151055.01.5780.42, קנול רפאל,ג,14:30,16:00,בירן,105,פרוייקט-במ"מ,15/14,
33239,מיני פרויקט במבוא להנדסת תוכנה,151055.01.5780.43, גנסבורגר אליעזר,ג,18:00,19:30,בירן,016,פרוייקט-במ"מ,17/14,
33239,מיני פרויקט במבוא להנדסת תוכנה,151055.01.5780.44, כהן דוד,א,16:15,17:45,בירן,218,פרוייקט-במ"מ,18/14,
33239,מיני פרויקט במבוא להנדסת תוכנה,151055.01.5780.46, כהן דוד,ג,14:30,16:00,בירן,203,פרוייקט-במ"מ,14/14,
33239,מיני פרויקט במבוא להנדסת תוכנה,151055.01.5780.47, כהן דוד,ג,18:00,19:30,בירן,203,פרוייקט-במ"מ,17/14,
33239,מיני פרויקט במבוא להנדסת תוכנה,151055.01.5780.48, זילברשטיין דן,ה,16:15,17:45,ויילר,227,פרוייקט-במ"מ,14/14,
33242,מעבדה באלקטרוניקת הספק,130550.01.5780.21, סמקובסקי איגור,א,14:30,17:00,הוכשטיין,172,מעבדה,10/10,
33242,מעבדה באלקטרוניקת הספק,130550.01.5780.22, סמקובסקי איגור,א,17:00,19:30,הוכשטיין,172,מעבדה,5/10,
33244,יסודות התקשורת,130557.01.5780.01, זילביגר אבי,ב,14:30,16:00,לעו,450,שעור,43/--,
33244,יסודות התקשורת,130557.01.5780.01, זילביגר אבי,ג,14:30,16:00,לעו,460,שעור,43/--,
33244,יסודות התקשורת,130557.01.5780.11, זילביגר אבי,ג,16:15,17:00,לעו,460,תרגיל,33/30,
33244,יסודות התקשורת,130557.01.5780.12, זילביגר אבי,ב,16:15,17:00,לעו,470,תרגיל,10/30,
33245,מערכות אלקטרוניות משובצות מחשב,130344.01.5780.01, גולובצ'יוב יוסף יצחק,א,14:30,16:00,ויילר,403,שעור,6/--,
33245,מערכות אלקטרוניות משובצות מחשב,130344.01.5780.11, גולובצ'יוב יוסף יצחק,א,16:15,17:00,ויילר,403,תרגיל,6/30,
33246,Verilog-אלגוריתמים  בקריפטוגרפיה ומימוש ב,130330.01.5780.01, שטרו אורי,א,17:00,19:30,ויילר,403,שעור,11/--,
33246,Verilog-אלגוריתמים  בקריפטוגרפיה ומימוש ב,130330.01.5780.21, שטרו אורי,א,19:45,20:30,ויילר,403,מעבדה,11/--,
32949,פרקים נבחרים במנגנוני כשל ובאיכות ואמינות,850403.01.5780.01, קרסנטי אבי,ה,16:15,17:45,לעו,460,שעור,3/--,
32950,אופטו-מכניקה,850204.01.5780.01, שינפלד דוד,ה,18:00,21:15,לעו,320,שעור,3/--,
32948,אופטיקה ביו-רפואית (דימות),850201.01.5780.01, לרנר שמעון,ה,18:45,21:15,לעו,460,שעור,2/--,
32948,אופטיקה ביו-רפואית (דימות),850201.01.5780.11, לרנר שמעון,ה,21:30,22:15,לעו,460,תרגיל,2/30,תרגיל ישובץ במרוכז בימי ו'- בתיאום עם המרצה
32944,תצפיות חלל; מכם וסנסורים,850504.01.5780.01, כמון פאול דוד,ה,18:45,21:15,לעו,450,שעור,19/--,
32945,נושאים נבחרים בעיבוד אותות,850302.01.5780.01, אנגלברג שלמה,ה,16:15,17:45,לעו,450,שעור,21/--,
32945,נושאים נבחרים בעיבוד אותות,850302.01.5780.31, אנגלברג שלמה,ה,18:00,18:45,לעו,450,סמינר,21/30,
33249,ניהול פרויקטים ושיפור ביצועים הלכה למעשה,240659.01.5780.01, קאופמן דוד לויפר שלום גרסטל צבי - אנריקה,א,13:30,16:00,ויילר,150,שעור,11/--,
34230,ניתוח כדאיות פרויקטים,240751.01.5780.01, בלזברג נועם,ה,16:15,18:45,ויילר,162,שעור,11/--,
33254,בסיסי נתונים וניתוח ניתוני עתק,240517.01.5780.01, גולדנברג מאיר,ב,16:15,17:45,בירן,015,שעור,18/15,
33254,בסיסי נתונים וניתוח ניתוני עתק,240517.01.5780.11, גולדנברג מאיר,ב,18:00,19:30,בירן,015,תרגיל,18/15,
32912,אבטחה ולוחמת מידע בעולם אינטרנטי,700119.01.5780.01, קופרשמידט שלומי,ה,18:45,20:30,בראוז,310,שעור,19/--,
32913,בנקאות,700400.01.5780.01, בלזברג נועם,ו,11:30,13:00,בראוז,304,שעור,26/--,
32914,מסחר ופרסום דיגיטלי,700402.01.5780.01, בל נח,ה,20:30,22:15,בראוז,309,שעור,25/--,
32935,סדנא יישומית בהערכת שווי חברות,700408.01.5780.01, ברק רונן,ה,18:45,20:30,בירן,218,שעור,7/--,לשבץ במעבדה
32915,משחק עסקים,700255.01.5780.01, ברק רונן,ו,08:45,11:15,בראוז,304,שעור,27/--,
33256,מדיניות כלכלית יישומית,210415.01.5780.01, מנס ערן,ו,11:30,14:00,ישראל,204,שעור,9/--,
34295,מבוא לבינה מלאכותית ומדע הנתונים ,157100.01.5780.01, רוזנפלד אבי,ב,17:00,18:45,ישראל,203,שעור,58/--,בחירה
34295,מבוא לבינה מלאכותית ומדע הנתונים ,157100.01.5780.41, רוזנפלד אבי,ב,18:45,19:30,ישראל,201,פרוייקט-במ"מ,15/15,
34295,מבוא לבינה מלאכותית ומדע הנתונים ,157100.01.5780.42, רוזנפלד אבי,ב,19:45,20:30,ישראל,201,פרוייקט-במ"מ,4/15,
34295,מבוא לבינה מלאכותית ומדע הנתונים ,157100.01.5780.43, רוזנפלד אבי,ד,13:30,14:15,בירן,203,פרוייקט-במ"מ,14/15,
34295,מבוא לבינה מלאכותית ומדע הנתונים ,157100.01.5780.44, מרגלית אפרים,ג,17:00,17:45,ישראל,201,פרוייקט-במ"מ,14/15,
34295,מבוא לבינה מלאכותית ומדע הנתונים ,157100.01.5780.45, מרגלית אפרים,ג,18:00,18:45,ישראל,201,פרוייקט-במ"מ,11/15,
34302,מבוא לבינה מלאכותית ומדע הנתונים ,157100.71.5780.01, מרגלית אפרים,ג,11:30,13:00,לעו,560,שעור,46/--,חדש בחירה
34302,מבוא לבינה מלאכותית ומדע הנתונים ,157100.71.5780.41, מרגלית אפרים,ג,13:30,14:15,בירן,015,פרוייקט-במ"מ,21/15,חדש בחירה
34302,מבוא לבינה מלאכותית ומדע הנתונים ,157100.71.5780.42, מרגלית אפרים,ג,14:30,15:15,בירן,015,פרוייקט-במ"מ,21/15,חדש בחירה
34302,מבוא לבינה מלאכותית ומדע הנתונים ,157100.71.5780.43, מרגלית אפרים,ג,15:30,16:15,בירן,015,פרוייקט-במ"מ,4/15,חדש בחירה
34918,מבוא לבינה מלאכותית ומדע הנתונים ,157100.10.5780.01, בן יצחק אייל יצחק,א,17:00,18:45,בראוז,310,שעור,8/--,
34918,מבוא לבינה מלאכותית ומדע הנתונים ,157100.10.5780.41, בן יצחק אייל יצחק,א,18:45,19:30,בירן,218,פרוייקט-במ"מ,8/15,
34822,משובצות מחשב c  סדנא מתקדמת ב   ,157121.01.5780.31, צוראל אסף,א,13:00,14:30,סוחצ'בסקי,301,סמינר,11/--,
34378,תכנות מתקדם למהנדסים,150023.01.5780.01, קדרון דוד,ג,14:30,17:00,ויילר,160,שעור,81/--,
34378,תכנות מתקדם למהנדסים,150023.01.5780.41, גולדשטיין משה,ד,18:00,19:30,בירן,203,פרוייקט-במ"מ,20/16,
34378,תכנות מתקדם למהנדסים,150023.01.5780.42, קדרון דוד,ד,18:00,19:30,בירן,204,פרוייקט-במ"מ,19/16,
34378,תכנות מתקדם למהנדסים,150023.01.5780.43, ניימן אהרן,א,14:30,16:00,לעו,320,פרוייקט-במ"מ,20/16,
34378,תכנות מתקדם למהנדסים,150023.01.5780.44, ניימן אהרן,ה,17:00,18:45,בירן,015,פרוייקט-במ"מ,21/16,
34229,מבוא ללמידת מכונה,130280.01.5780.01, רוזנפלד אבי,ד,17:00,19:30,לעו,460,שעור,40/--,בחירה
34229,מבוא ללמידת מכונה,130280.01.5780.11, רוזנפלד אבי,ד,19:45,20:30,בירן,015,תרגיל,30/30,בחירה
34229,מבוא ללמידת מכונה,130280.01.5780.12, רוזנפלד אבי,ד,20:30,21:15,בירן,015,תרגיל,10/30,בחירה
34379,הנדסת חשמל 1,130505.01.5780.01, דוד מרסלו מרטין,ב,16:15,18:45,ויילר,160,שעור,63/--,
34379,הנדסת חשמל 1,130505.01.5780.11, דוד מרסלו מרטין,ה,18:45,19:30,ויילר,162,תרגיל,33/30,
34379,הנדסת חשמל 1,130505.01.5780.12, דוד מרסלו מרטין,ד,18:00,18:45,לעו,470,תרגיל,30/30,
34654,למידה חישובית/כריית מידע,250200.01.5780.01, סולביץ יוסף,ו,11:30,14:15,לעו,315,שעור,16/--,
34655,שיטות מחקר לכריית מדע,250510.01.5780.01, רוזנפלד אבי,ו,08:45,11:15,לעו,315,שעור,16/--,
34656,מאגרי מידע גדולים,250250.01.5780.01, גולדנברג מאיר,ה,16:15,18:45,ישראל,201,שעור,16/--,
34658,למידה עמוקה,250400.01.5780.01, עזרא צור אלישי,ה,18:45,21:15,לעו,315,שעור,16/--,
34821,מבוא לרברסינג ומחקר נוזקות,157130.01.5780.01, גונן ברק,ב,18:00,20:30,ישראל,303,שעור,50/--,בחירה חדש
34821,מבוא לרברסינג ומחקר נוזקות,157130.01.5780.41, גונן ברק,ב,20:30,21:15,בירן,015,פרוייקט-במ"מ,50/--,בחירה חדש
